Service libell‚ back office;Service libell‚ g‚n‚raliste;Fonction libell‚ back-office;Fonction libell‚ g‚n‚raliste
achats;Achats;dir_resp_achats;Dir / Resp des achats
achats;Achats;acheteur;Acheteur
achats;Achats;assistant_achats;Assistant achats
achats;Achats;dir_resp_services_eco;Dir / Resp des services ‚conomiques
achats;Achats;resp-marches_publics;Resp des march‚s publics
administratif;Administratif;dir_resp_administratif;Dir/Resp Administratif
administratif;Administratif;assistant_administratif;Assistant administratif
administratif;Administratif;adjoint_administratif;Adjoint administratif
assurance;Assurance;dir_resp_assurance;Dir/Resp Assurance
assurance;Assurance;expert_assurance;Expert Assurance
assurance;Assurance;actuaire;Actuaire
batiment_construction;Bƒtiment - Construction;architecte;Architecte
batiment_construction;Bƒtiment - Construction;architecte_paysagiste;Architecte Paysagiste
batiment_construction;Bƒtiment - Construction;architecte_decorateur;Architecte D‚corateur
batiment_construction;Bƒtiment - Construction;economiste_construction;Economiste de la construction
batiment_construction;Bƒtiment - Construction;expert_batiment;Expert en Bƒtiment - immobilier
batiment_construction;Bƒtiment - Construction;geometre;G‚omŠtre
batiment_construction;Bƒtiment - Construction;resp_travaux;Resp travaux - conduite de chantiers
batiment_construction;Bƒtiment - Construction;ingenieur_batiment;Ing‚nieur Bƒtiment
batiment_construction;Bƒtiment - Construction;ingenieur_territorial;Ing‚nieur territorial
batiment_construction;Bƒtiment - Construction;maitre_oeuvre;MaŒtre d'?uvre
batiment_construction;Bƒtiment - Construction;metreur;M‚treur
batiment_construction;Bƒtiment - Construction;urbaniste;Urbaniste
batiment_construction;Bƒtiment - Construction;resp_tech_immobilier;Resp Technique immobilier
commercial;Commercial;dir_resp_commercial;Dir/Resp commercial
commercial;Commercial;dir_resp_import_export;Dir/Resp Import-Export
commercial;Commercial;dir_chef_publicite;Dir/Chef de publicit‚
commercial;Commercial;dir_chef_ventes;Dir/Chef des ventes
commercial;Commercial;commercial_inge_affaires;Commercial - ing‚nieur d'affaires
communication;Communication;dir_resp_communication;Dir/Resp Communication
communication;Communication;dir_resp_com_interne;Dir/Resp Communication interne
communication;Communication;dir_resp_relation_presse;Dir/Resp Relation presse
communication;Communication;dir_resp_evenementiel;Dir/Resp ‚v‚nementiel
communication;Communication;dir_resp_partenariats;Dir/Resp partenariats
communication;Communication;dir_resp_relations_ext;Dir/Resp Relations ext‚rieures
communication;Communication;dir_resp_relations_publ;Dir/Resp Relation publique
communication;Communication;attache_presse;Attach‚ de presse
communication;Communication;charge_communication;Charg‚ de communication
communication;Communication;assistant_communication;Assistant communication
communication;Communication;adjoint_communication;Adjoint … la communication
communication;Communication;planneur_strategique;Planneur strat‚gique
communication;Communication;dir_resp_planning_strat;Dir/Resp planning strat‚gique
conseil_audit;Conseil - Audit;auditeur;Auditeur
conseil_audit;Conseil - Audit;consultant;Consultant
conseil_audit;Conseil - Audit;dir_resp_audit;Dir/Resp Audit
conseil_audit;Conseil - Audit;dir_resp_conseil;Dir/Resp Conseil
conseil_audit;Conseil - Audit;inspecteur_technique;Inspecteur technique
conseil_audit;Conseil - Audit;ingenieur_conseil;Ing‚nieur conseil
creation;Cr‚ation;dir_resp_artistique;Dir/Resp Artistique
creation;Cr‚ation;concepteur_redacteur;Concepteur r‚dacteur
creation;Cr‚ation;designer;Designer
creation;Cr‚ation;dir_resp_creation;Dir/Resp Cr‚ation
creation;Cr‚ation;graphiste;Graphiste
creation;Cr‚ation;illustrateur;Illustrateur
creation;Cr‚ation;maquettiste;Maquettiste
creation;Cr‚ation;styliste_creation;Styliste Cr‚ation
culture_sport_tourisme;Culture - Sport - Tourisme;dir_resp_culturel_loisirs;Dir/Resp Culturel & Loisirs
culture_sport_tourisme;Culture - Sport - Tourisme;adjoint_aff_culturelles;Adjoint Affaires Culturelles
culture_sport_tourisme;Culture - Sport - Tourisme;dir_resp_aff_culturelles;Dir/Resp Affaires Culturelles
culture_sport_tourisme;Culture - Sport - Tourisme;adjoint_toursime;Adjoint Tourisme
culture_sport_tourisme;Culture - Sport - Tourisme;dir_resp_tourisme;Dir/Resp Tourisme
culture_sport_tourisme;Culture - Sport - Tourisme;regisseur_evenements;R‚gisseur ‚v‚nements
culture_sport_tourisme;Culture - Sport - Tourisme;dir_resp_jeunesse_sports;Dir/Resp Jeunesse et Sports
culture_sport_tourisme;Culture - Sport - Tourisme;adjoint_jeunesse_sports;Adjoint Jeunesse et Sports
developpement_economique;D‚veloppement ‚conomique;dir_resp_logement_habitat;Dir/Resp Logement Habitat
developpement_economique;D‚veloppement ‚conomique;dir_resp_amenagement;Dir/Resp Am‚nagement
developpement_economique;D‚veloppement ‚conomique;dir_resp_commerce_artisanat;Dir/Resp Commerce artisanat
developpement_economique;D‚veloppement ‚conomique;ingenieur_territorial;Ing‚nieur territorial
developpement_economique;D‚veloppement ‚conomique;dir_resp_transport;Dir/Resp Transport
direction_generale;Direction g‚n‚rale;pdg;PDG / Pr‚sident / Vice-pr‚sident
direction_generale;Direction g‚n‚rale;prefet;Pr‚fet
direction_generale;Direction g‚n‚rale;maire;Maire
direction_generale;Direction g‚n‚rale;adjoint_maire;Adjoint au Maire
direction_generale;Direction g‚n‚rale;dir_cabinet;Directeur de Cabinet
direction_generale;Direction g‚n‚rale;dgs;DGS Dir G‚n‚ral des Services
direction_generale;Direction g‚n‚rale;dir;Directeur
direction_generale;Direction g‚n‚rale;dir_adjoint;Directeur adjoint
direction_generale;Direction g‚n‚rale;delegue_general;D‚l‚gu‚ g‚n‚ral
direction_generale;Direction g‚n‚rale;inspecteur_general;Inspecteur G‚n‚ral
direction_generale;Direction g‚n‚rale;gerant;G‚rant - co-g‚rant
direction_generale;Direction g‚n‚rale;secretaire;Secr‚taire - assistant de direction
direction_generale;Direction g‚n‚rale;secretaire_general;Secr‚taire G‚n‚ral
direction_generale;Direction g‚n‚rale;dir_resp_site_usine;Dir / Resp de site ou d'usine
direction_generale;Direction g‚n‚rale;dir_etablissement;Dir d'‚tablissement
direction_generale;Direction g‚n‚rale;dir_industriel;Directeur industriel
direction_generale;Direction g‚n‚rale;dir_resp_aff_europeennes;Dir / Resp des affaires europ‚ennes
direction_generale;Direction g‚n‚rale;dir_resp_ope_internation;Dir / Resp des op‚rations internationales
direction_generale;Direction g‚n‚rale;dir_resp_strategie;Dir / Resp strat‚gie
direction_generale;Direction g‚n‚rale;dir_resp_division_pole;Dir / Resp division - p“le
direction_generale;Direction g‚n‚rale;proviseur;Proviseur
direction_generale;Direction g‚n‚rale;proviseur_adjoint;Proviseur adjoint
direction_generale;Direction g‚n‚rale;principal;Principal
direction_generale;Direction g‚n‚rale;principal_adjoint;Principal adjoint
direction_generale;Direction g‚n‚rale;recteur;Recteur
documentation;Documentation;dir_resp_documentation;Dir/Resp Documentation
documentation;Documentation;dir_resp_veille;Dir/Resp Veille
documentation;Documentation;dir_resp_archives;Dir/Resp Archives
documentation;Documentation;documentaliste_biblio;Documentaliste - biblioth‚caire
documentation;Documentation;resp_cdi;Responsable CDI
droit_juridique_justice;Droit - Juridique - Justice;dir_resp_juridique;Dir / Resp juridique
droit_juridique_justice;Droit - Juridique - Justice;juriste;Juriste
droit_juridique_justice;Droit - Juridique - Justice;juriste_droit_social;Juriste en droit social
droit_juridique_justice;Droit - Juridique - Justice;dir_resp_contentieux;Dir/Resp Contentieux
droit_juridique_justice;Droit - Juridique - Justice;adjoint_aff_juridiques;Adjoint affaires juridiques
droit_juridique_justice;Droit - Juridique - Justice;dir_resp_aff_reglement;Dir / Resp des affaires r‚glementaires
droit_juridique_justice;Droit - Juridique - Justice;assistant_juridique;Assistant juridique
droit_juridique_justice;Droit - Juridique - Justice;magistrat;Magistrat
droit_juridique_justice;Droit - Juridique - Justice;notaire;Notaire
droit_juridique_justice;Droit - Juridique - Justice;avocat;Avocat
droit_juridique_justice;Droit - Juridique - Justice;avocat_droit_social;Avocat droit social
droit_juridique_justice;Droit - Juridique - Justice;avocat_droit_aff;Avocat droit des affaires
droit_juridique_justice;Droit - Juridique - Justice;avocat_droit_public;Avocat droit public
droit_juridique_justice;Droit - Juridique - Justice;avocat_fiscaliste;Avocat fiscaliste
droit_juridique_justice;Droit - Juridique - Justice;expert_judiciaire;Expert judiciaire
droit_juridique_justice;Droit - Juridique - Justice;huissier;Huissier
education_enseignement;Education - enseignement;enseignant;Enseignant
education_enseignement;Education - enseignement;professeur;Professeur / enseignant-chercheur
education_enseignement;Education - enseignement;cpe;CPE Conseiller Principal d'Education
education_enseignement;Education - enseignement;resp_cdi;Responsable CDI
education_enseignement;Education - enseignement;inspecteur_academique;Inspecteur Acad‚mique
education_enseignement;Education - enseignement;educateur_socio_educatif;Educateur socio ‚ducatif
education_enseignement;Education - enseignement;animateur_socio_educatif;Animateur socio ‚ducatif
education_enseignement;Education - enseignement;resp_pedagogique;Responsable p‚dagogique
education_enseignement;Education - enseignement;resp_aff_scolaires;Responsable affaires scolaires
education_enseignement;Education - enseignement;dir_resp_education;Dir/Resp Education
education_enseignement;Education - enseignement;adjoint_education;Adjoint Education
education_enseignement;Education - enseignement;proviseur;Proviseur
education_enseignement;Education - enseignement;proviseur_adjoint;Proviseur adjoint
education_enseignement;Education - enseignement;principal;Principal
education_enseignement;Education - enseignement;principal_adjoint;Principal adjoint
education_enseignement;Education - enseignement;recteur;Recteur
education_enseignement;Education - enseignement;infirmier_scolaire;Infirmier scolaire
environnement_hse;Environnement - HSE;dir_resp_perf_energetique;Dir/Resp Performance ‚nerg‚tique
environnement_hse;Environnement - HSE;dir_resp_environnement;Dir/Resp Environnement
environnement_hse;Environnement - HSE;adjoint_environnement;Adjoint Environnement
environnement_hse;Environnement - HSE;dir_resp_hse;Dir/Resp hygiŠne s‚curit‚ environnement
environnement_hse;Environnement - HSE;ingenieur_technicien_hse;Ing‚nieur - technicien HSE
environnement_hse;Environnement - HSE;ingenieur_technicien_qhse;Ing‚nieur - technicien QHSE
environnement_hse;Environnement - HSE;dir_resp_dev_durable;Dir/Resp D‚veloppement Durable
environnement_hse;Environnement - HSE;dir_resp_voirie;Dir/Resp Voirie
environnement_hse;Environnement - HSE;dir_resp_assainissement;Dir/Resp Assainissement
environnement_hse;Environnement - HSE;dir_resp_dechets;Dir/Resp D‚chets
environnement_hse;Environnement - HSE;dir_resp_eau;Dir/Resp Eau
environnement_hse;Environnement - HSE;dir_resp_espaces_verts;Dir/Resp Espaces Verts
environnement_hse;Environnement - HSE;toxicologue;Toxicologue
environnement_hse;Environnement - HSE;correspondant_securite;Correspondant s‚curit‚
environnement_hse;Environnement - HSE;dir_resp_reach_clp_fds;Dir/Resp REACH - CLP - FDS
environnement_hse;Environnement - HSE;dir_resp_risques_indus;Dir/Resp Risques industriels
etat_civil_elections;Etat civil - Elections;dir_resp_bureau_elections;Dir/Resp Bureau des Elections
etat_civil_elections;Etat civil - Elections;dir_resp_etat_civil;Dir/Resp Etat Civil
etat_civil_elections;Etat civil - Elections;secretaire_assistant;Secr‚taire - assistant
etat_civil_elections;Etat civil - Elections;resp_aff_civiles;Resp Affaires Civiles
finances_comptabilite;Finances - Comptabilit‚;chef_comptable;Chef comptable
finances_comptabilite;Finances - Comptabilit‚;comptable;Comptable
finances_comptabilite;Finances - Comptabilit‚;controleur_gestion;Contr“leur de gestion
finances_comptabilite;Finances - Comptabilit‚;credit_manager;Credit manager
finances_comptabilite;Finances - Comptabilit‚;daf;DAF / RAF Dir / Resp administratif et financier
finances_comptabilite;Finances - Comptabilit‚;dir_resp_financier;Dir / Resp financier
finances_comptabilite;Finances - Comptabilit‚;expert_comptable;Expert-comptable
finances_comptabilite;Finances - Comptabilit‚;dir_resp_budget;Dir / Resp budget
finances_comptabilite;Finances - Comptabilit‚;dir_resp_finances_bourse;Dir / Resp finances - bourse
finances_comptabilite;Finances - Comptabilit‚;dir_resp_fiscalite;Dir / Resp fiscalit‚
finances_comptabilite;Finances - Comptabilit‚;dir_resp_tresorerie;Dir / Resp tr‚sorerie
finances_comptabilite;Finances - Comptabilit‚;risk_manager;Risk manager
finances_comptabilite;Finances - Comptabilit‚;analyste_financier;Analyste financier
finances_comptabilite;Finances - Comptabilit‚;assistant_comptable;Assistant comptable
finances_comptabilite;Finances - Comptabilit‚;commissaire_comptes;Commissaire aux comptes
immobilier_patrimoine;Immobilier - Patrimoine;dir_resp_immobilier;Dir/Resp Immobilier
immobilier_patrimoine;Immobilier - Patrimoine;gerant_immeubles;G‚rant D'immeubles
immobilier_patrimoine;Immobilier - Patrimoine;administrateur_biens_immo;Administrateur de Biens Immobiliers
immobilier_patrimoine;Immobilier - Patrimoine;resp_gestion_locative;Resp Gestion locative
immobilier_patrimoine;Immobilier - Patrimoine;resp_maintenance_immo;Resp maintenance immobiliŠre
immobilier_patrimoine;Immobilier - Patrimoine;adjoint_patrimoine;Adjoint Patrimoine
immobilier_patrimoine;Immobilier - Patrimoine;dir_resp_patrimoine;Dir/Resp Patrimoine
information_edito_redac;Information - ‚ditorial - r‚daction;dir_antenne_programmes;Dir Antenne Programmes
information_edito_redac;Information - ‚ditorial - r‚daction;dir_resp_editorial;Dir/Resp ‚ditorial
information_edito_redac;Information - ‚ditorial - r‚daction;dir_resp_information;Dir/Resp information
information_edito_redac;Information - ‚ditorial - r‚daction;dir_resp_redaction;Dir/Resp de la r‚daction
information_edito_redac;Information - ‚ditorial - r‚daction;editeur;Editeur
information_edito_redac;Information - ‚ditorial - r‚daction;journaliste;Journaliste
information_edito_redac;Information - ‚ditorial - r‚daction;redacteur;R‚dacteur - R‚dacteur en chef
info_reseaux_internet;Informatique - R‚seaux - Internet;dir_resp_informatique;Dir/Resp informatique
info_reseaux_internet;Informatique - R‚seaux - Internet;dsi;DSI Directeur des systŠmes d'information
info_reseaux_internet;Informatique - R‚seaux - Internet;resp_reseaux;Resp r‚seaux
info_reseaux_internet;Informatique - R‚seaux - Internet;resp_telecom;Resp t‚l‚com
info_reseaux_internet;Informatique - R‚seaux - Internet;resp_securite_info;Resp S‚curit‚ informatique
info_reseaux_internet;Informatique - R‚seaux - Internet;dir_resp_multimedia;Dir/Resp multimedia - logiciels
info_reseaux_internet;Informatique - R‚seaux - Internet;webmaster;Webmaster
logisitique;Logistique;econome;Econome
logisitique;Logistique;dir_resp_logistique;Dir/Resp de la logistique
logisitique;Logistique;dir_resp_conditionnement;Dir/Resp conditionnement
logisitique;Logistique;dir_resp_appro;Dir/Resp approvisionnement
logisitique;Logistique;dir_resp_restauration;Dir/Resp de la restauration
logisitique;Logistique;dir_resp_organisation;Dir/Resp de l'organisation
logisitique;Logistique;dir_resp_transport;Dir/Resp transport
marketing;Marketing;dir_resp_marketing;Dir/Resp Marketing
marketing;Marketing;category_manager;Category manager
marketing;Marketing;dir_resp_etudes;Dir/Resp d'‚tudes
marketing;Marketing;assistant_marketing;Assistant marketing
marketing;Marketing;chef_groupe;Chef de groupe
marketing;Marketing;chef_produits;Chef de produits
marketing;Marketing;chef_marches;Chef de march‚s
marketing;Marketing;chef_marques;Chef de marques
marketing;Marketing;chef_projets;Chef de projets
marketing;Marketing;dir_developpement;Dir d‚veloppement
marketing;Marketing;dir_diffusion;Dir diffusion
marketing;Marketing;dir_sponsoring;Dir sponsoring
marketing;Marketing;dir_resp_marketing_ope;Dir/Resp marketing op‚rationnel
marketing;Marketing;dir_resp_planning_strat;Dir/Resp planning strat‚gique
marketing;Marketing;planneur_strategique;Planneur strat‚gique
marketing;Marketing;dir_resp_promotion;Dir/Resp promotion
marketing;Marketing;dir_resp_emarketing;Dir/Resp e-marketing - e-business
marketing;Marketing;community_manager;Community manager
marketing;Marketing;responsable_base_donnees;Responsable base de donn‚es
marketing;Marketing;trafic_manager;Trafic manager
media;M‚dia;chef_groupe_media;Chef de groupe m‚dia
media;M‚dia;dir_achat_espace;Dir achat d'espace
media;M‚dia;dir_resp_media;Dir/Resp m‚dia
media;M‚dia;mediaplanneur;M‚diaplanneur
politique_ville;Politique de la ville;adjoint_politique_ville;Adjoint … la Politique de la Ville
politique_ville;Politique de la ville;dir_resp_politique_ville;Dir/Resp Politique de la Ville
politique_ville;Politique de la ville;secretaire_politique_ville;Secr‚taire … la Politique de la Ville
production_maintenance;Production - Maintenance;ingenieur_technicien;Ing‚nieur - technicien
production_maintenance;Production - Maintenance;dir_resp_production;Dir/Resp de la Production
production_maintenance;Production - Maintenance;dir_resp_maintenance;Dir/Resp de la Maintenance
production_maintenance;Production - Maintenance;chef_atelier;Chef d'atelier
production_maintenance;Production - Maintenance;dir_resp_reach_clp_fds;Dir/Resp REACH - CLP - FDS
production_maintenance;Production - Maintenance;dir_resp_industriel;Dir/resp industriel
production_maintenance;Production - Maintenance;dir_resp_methodes;Dir/Resp M‚thodes
production_maintenance;Production - Maintenance;dir_resp_metrologie;Dir/Resp M‚trologie
production_maintenance;Production - Maintenance;dir_resp_fabrication;Dir/Resp Fabrication
production_maintenance;Production - Maintenance;dir_resp_controles_essais;Dir/Resp Contr“le - essais
production_maintenance;Production - Maintenance;dir_resp_risques_indus;Dir/Resp Risques industriels
qualite;Qualit‚;dir_resp_qualite;Dir/Resp Qualit‚
qualite;Qualit‚;correspondant_qualite;Correspondant qualit‚
qualite;Qualit‚;assistant_qualite;Assistant Qualit‚
qualite;Qualit‚;ingenieur_technicien;Ing‚nieur - technicien
qualite;Qualit‚;dir_resp_certification;Dir/Resp Certification
rd_bureau_etudes;R&D - Bureaux d'‚tudes;dir_resp_RD;Dir/Resp R&D
rd_bureau_etudes;R&D - Bureaux d'‚tudes;ingenieur_technicien_RD;Ing‚nieur - technicien R&D
rd_bureau_etudes;R&D - Bureaux d'‚tudes;dir_resp_developpement;Dir/Resp d‚veloppement
rd_bureau_etudes;R&D - Bureaux d'‚tudes;dir_resp_bureau_etudes;Dir/Resp du Bureau d'‚tudes
rd_bureau_etudes;R&D - Bureaux d'‚tudes;ingenieur_technicien_labo;Ing‚nieur - Technicien de laboratoire
rd_bureau_etudes;R&D - Bureaux d'‚tudes;dir_resp_laboratoire;Dir/Resp de laboratoire
rd_bureau_etudes;R&D - Bureaux d'‚tudes;dir_resp_etudes;Dir/Resp Etudes
rd_bureau_etudes;R&D - Bureaux d'‚tudes;chef_projets;Chef de projets
rd_bureau_etudes;R&D - Bureaux d'‚tudes;charge_missions;Charg‚ de missions
rd_bureau_etudes;R&D - Bureaux d'‚tudes;dir_recherches_clinique;Dir recherches clinique
laboratoire;Laboratoire;ingenieur_technicien_labo;Ing‚nieur - Technicien de laboratoire
laboratoire;Laboratoire;dir_resp_laboratoire;Dir/Resp de laboratoire
production_evenementielle;Production ‚v‚nementielle;dir_resp_achat_art;Dir/Resp d'achat d'art
production_evenementielle;Production ‚v‚nementielle;ingenieur_son;Ing‚nieur du son
production_evenementielle;Production ‚v‚nementielle;dir_resp_prod_evenement;Dir/Resp production ‚vŠnementielle
production_evenementielle;Production ‚v‚nementielle;producteur;Producteur
production_evenementielle;Production ‚v‚nementielle;photographe;Photographe
production_evenementielle;Production ‚v‚nementielle;realisateur;R‚alisateur
relation_clients;Relation Clients;dir_resp_centre_appels;Dir/Resp Centre d'Appels
relation_clients;Relation Clients;dir_resp_service_clients;Dir/Resp Service Clients
relation_clients;Relation Clients;dir_resp_adv;Dir/Resp ADV
relation_clients;Relation Clients;dir_resp_sav;Dir/Resp SAV
rh_formation;RH - formation;drh;DRH
rh_formation;RH - formation;rrh;RRH
rh_formation;RH - formation;assistant_rh;Assistant RH
rh_formation;RH - formation;assistant_formation;Assistant Formation
rh_formation;RH - formation;dir_resp_personnel;Dir / Resp du personnel
rh_formation;RH - formation;dir_resp_paie;Dir / Resp paie
rh_formation;RH - formation;dir_resp_gest_competences;Dir / Resp de la gestion des comp‚tences
rh_formation;RH - formation;dir_resp_rela_sociales;Dir / Resp des relations sociales
rh_formation;RH - formation;dir_resp_aff_sociales;Dir / Resp des affaires sociales
rh_formation;RH - formation;dir_resp_formation;Dir / Resp formation
rh_formation;RH - formation;dir_resp_gestion_carriere;Dir / Resp de la gestion de carriŠre
rh_formation;RH - formation;dir_resp_recrutement;Dir / Resp du recrutement
rh_formation;RH - formation;dir_resp_expatriation;Dir / Resp expatriation
rh_formation;RH - formation;dir_resp_aff_medicales;Dir / Resp des affaires m‚dicales
rh_formation;RH - formation;acheteur_formation;Acheteur formation
rh_formation;RH - formation;formateur;Formateur
sante_medical;Sant‚ - M‚dical;infirmier_coordinateur;Infirmier coordinateur
sante_medical;Sant‚ - M‚dical;dim;DIM Dir Informations m‚dicales
sante_medical;Sant‚ - M‚dical;dir_soins;Dir des soins
sante_medical;Sant‚ - M‚dical;medecin;M‚decin
sante_medical;Sant‚ - M‚dical;pharmacien;Pharmacien
sante_medical;Sant‚ - M‚dical;secretaire_medical;Secr‚taire m‚dical
sante_medical;Sant‚ - M‚dical;dir_resp_recherche_clinique;Dir/Resp recherche clinique
sante_medical;Sant‚ - M‚dical;autres_prof_sante;Autres professionnels de sant‚
sante_medical;Sant‚ - M‚dical;medecin_pmi;M‚decin PMI (Protection Maternelle et Infantile)
sst;Sant‚ - s‚curit‚ au travail;dir_resp_prevention;Dir/Resp pr‚vention
sst;Sant‚ - s‚curit‚ au travail;dir_resp_hse;Dir/Resp hygiŠne s‚curit‚ environnement
sst;Sant‚ - s‚curit‚ au travail;assistant_hse;Assistant pr‚vention ou HSE
sst;Sant‚ - s‚curit‚ au travail;preventeur;Pr‚venteur
sst;Sant‚ - s‚curit‚ au travail;ingenieur_technicien_qhse;Ing‚nieur - technicien QHSE
sst;Sant‚ - s‚curit‚ au travail;ergonome_travail;Ergonome du travail
sst;Sant‚ - s‚curit‚ au travail;medecin_travail;M‚decin du travail
sst;Sant‚ - s‚curit‚ au travail;infirmier_travail;Infirmier du travail
sst;Sant‚ - s‚curit‚ au travail;psychologue_travail;Psychologue du travail
sst;Sant‚ - s‚curit‚ au travail;toxicologue;Toxicologue
sst;Sant‚ - s‚curit‚ au travail;dir_resp_securite_travail;Dir/Resp s‚curit‚ au travail
sst;Sant‚ - s‚curit‚ au travail;dir_resp_fds;Dir/Resp FDS (fiches donn‚es s‚curit‚)
sst;Sant‚ - s‚curit‚ au travail;correspondant_securite;Correspondant s‚curit‚
securite;S‚curit‚;dir_resp_surete;Dir/Resp s–ret‚
securite;S‚curit‚;dir_resp_securite;Dir/Resp s‚curit‚
securite;S‚curit‚;dir_resp_securite_urbaine;Dir/Resp s‚curit‚ urbaine
securite;S‚curit‚;dir_resp_incendie;Dir/Resp s‚curit‚ incendie
securite;S‚curit‚;pompier;Pompier
securite;S‚curit‚;dir_resp_police_municipal;Dir/Resp police municipale
securite;S‚curit‚;dir_resp_gendarmerie;Dir/Resp gendarmerie
securite;S‚curit‚;police_nationale;Police nationale
securite;S‚curit‚;gendarme;Gendarme
services_generaux;Services g‚n‚raux;dir_resp_services_genera;Dir/Resp des services et moyens g‚n‚raux
services_generaux;Services g‚n‚raux;resp_accueil;Responsable accueil
services_generaux;Services g‚n‚raux;resp_parc_automobile;Responsable de parc automobile
services_generaux;Services g‚n‚raux;resp_courrier_repro;Responsable courrier - reprographie
services_generaux;Services g‚n‚raux;assistant_services_gener;Assistant des services g‚n‚raux
social;Social;assistant_social;Assistant social ou CESF (conseiller en ‚conomie sociale et familiale)
social;Social;dir_resp_actions_sociales;Dir/Resp actions sociales
social;Social;charge_aff_sociales;Charg‚ des Affaires Sociales
social;Social;dir_resp_aff_sociales;Dir/Resp Affaires Sociales
social;Social;dir_resp_ccas;Dir/Resp CCAS
social;Social;charge_personnes_agees;Charg‚ des Personnes Ag‚es
social;Social;dir_resp_personnes_agees;Dir/Resp Personnes Ag‚es
social;Social;charge_insertion;Charg‚ de l'Insertion
social;Social;dir_resp_insertion;Dir/Resp Insertion
social;Social;charge_emploi;Charg‚ de l'Emploi
social;Social;dir_resp_emploi;Dir/Resp Emploi
social;Social;charge_personnes_handi;Charg‚ des Personnes Handicap‚es
social;Social;dir_resp_personnes_handi;Dir/Resp Personnes Handicap‚es
social;Social;dir_resp_logement_social;Dir/Resp Logement social
social;Social;charge_logement_sociaux;Charg‚ des Logements sociaux
social;Social;mediateur;M‚diateur
social;Social;travailleur_social;Travailleur social
social;Social;auxilliaire_vie_sociale;Auxilliaire de vie sociale/Aide … domicile
enfance_famille;Enfance - Famille;assistant_social;Assistant social ou CESF (conseiller en ‚conomie sociale et familiale)
enfance_famille;Enfance - Famille;charge_petite_enfance;Charg‚/coordinateur de la Petite Enfance
enfance_famille;Enfance - Famille;dir_resp_petite_enfance;Dir/Resp Petite Enfance
enfance_famille;Enfance - Famille;charge_famille;Charg‚ de la Famille
enfance_famille;Enfance - Famille;dir_resp_famille;Dir/Resp Famille
enfance_famille;Enfance - Famille;mediateur;M‚diateur
enfance_famille;Enfance - Famille;referent_ase;R‚f‚rent ASE (Aide Sociale … l'Enfance)
enfance_famille;Enfance - Famille;auxilliaire_puericulture;Auxilliaire de pu‚riculture
enfance_famille;Enfance - Famille;dir_resp_protec_enfance;Dir/Resp Protection enfance
technique;Technique;dir_resp_service_tech;DST Dir/Resp Service Technique
technique;Technique;dir_resp_technique;Dir/Resp Technique
technique;Technique;ingenieur_tech_technicien;Ing‚nieur technique - technicien
technique;Technique;dir_resp_exploitation;Dir/Resp exploitation
technique;Technique;ingenieur_territorial;Ing‚nieur territorial
urbanisme;Urbanisme;adjoint_urbanisme;Adjoint … l'Urbanisme
urbanisme;Urbanisme;dir_resp_urbanisme;Dir/Resp de l'Urbanisme
urbanisme;Urbanisme;ingenieur_territorial;Ing‚nieur territorial
